<?xml version="1.0" encoding="UTF-8"?>
<project-private xmlns="http://www.netbeans.org/ns/project-private/1">
    <editor-bookmarks xmlns="http://www.netbeans.org/ns/editor-bookmarks/2" lastBookmarkId="0"/>
    <open-files xmlns="http://www.netbeans.org/ns/projectui-open-files/2">
        <group>
            <file>file:/C:/Users/Rafael/Documents/Examen2-psw/Examen-3-PSW(CSS-validacion)/Examen3%20PSW/Examen3%20PSW/web/añadirCarrito.jsp</file>
            <file>file:/C:/Users/Rafael/Documents/Examen2-psw/Examen-3-PSW(CSS-validacion)/Examen3%20PSW/Examen3%20PSW/web/index.jsp</file>
            <file>file:/C:/Users/Rafael/Documents/Examen2-psw/Examen-3-PSW(CSS-validacion)/Examen3%20PSW/Examen3%20PSW/web/actualizarProducto.jsp</file>
            <file>file:/C:/Users/Rafael/Documents/Examen2-psw/Examen-3-PSW(CSS-validacion)/Examen3%20PSW/Examen3%20PSW/web/registro.jsp</file>
            <file>file:/C:/Users/Rafael/Documents/Examen2-psw/Examen-3-PSW(CSS-validacion)/Examen3%20PSW/Examen3%20PSW/web/registrarProducto.jsp</file>
            <file>file:/C:/Users/Rafael/Documents/Examen2-psw/Examen-3-PSW(CSS-validacion)/Examen3%20PSW/Examen3%20PSW/web/index2.jsp</file>
            <file>file:/C:/Users/Rafael/Documents/Examen2-psw/Examen-3-PSW(CSS-validacion)/Examen3%20PSW/Examen3%20PSW/web/registrarProducto2.jsp</file>
            <file>file:/C:/Users/Rafael/Documents/Examen2-psw/Examen-3-PSW(CSS-validacion)/Examen3%20PSW/Examen3%20PSW/web/registrarVenta.jsp</file>
            <file>file:/C:/Users/Rafael/Documents/Examen2-psw/Examen-3-PSW(CSS-validacion)/Examen3%20PSW/Examen3%20PSW/web/ValidarUser.jsp</file>
            <file>file:/C:/Users/Rafael/Documents/Examen2-psw/Examen-3-PSW(CSS-validacion)/Examen3%20PSW/Examen3%20PSW/web/subirImagen.jsp</file>
            <file>file:/C:/Users/Rafael/Documents/Examen2-psw/Examen-3-PSW(CSS-validacion)/Examen3%20PSW/Examen3%20PSW/web/error.jsp</file>
            <file>file:/C:/Users/Rafael/Documents/Examen2-psw/Examen-3-PSW(CSS-validacion)/Examen3%20PSW/Examen3%20PSW/web/login.jsp</file>
            <file>file:/C:/Users/Rafael/Documents/Examen2-psw/Examen-3-PSW(CSS-validacion)/Examen3%20PSW/Examen3%20PSW/web/ConsultaUsuarios.jsp</file>
            <file>file:/C:/Users/Rafael/Documents/Examen2-psw/Examen-3-PSW(CSS-validacion)/Examen3%20PSW/Examen3%20PSW/web/administrador.jsp</file>
            <file>file:/C:/Users/Rafael/Documents/Examen2-psw/Examen-3-PSW(CSS-validacion)/Examen3%20PSW/Examen3%20PSW/web/mensaje.jsp</file>
        </group>
    </open-files>
</project-private>
