<?xml version="1.0" encoding="UTF-8"?>
<project-private xmlns="http://www.netbeans.org/ns/project-private/1">
    <editor-bookmarks xmlns="http://www.netbeans.org/ns/editor-bookmarks/2" lastBookmarkId="0"/>
    <open-files xmlns="http://www.netbeans.org/ns/projectui-open-files/2">
        <group>
            <file>file:/C:/Users/abel1/Documents/CECyT-9/4IV8/PROGRAMACIÓN%20Y%20SERIVCIOS%20WEB/4IV8-Examen2-main/Examen3%20PSW%20(1)/Examen3%20PSW/web/style.css</file>
            <file>file:/C:/Users/abel1/Documents/CECyT-9/4IV8/PROGRAMACIÓN%20Y%20SERIVCIOS%20WEB/4IV8-Examen2-main/Examen3%20PSW%20(1)/Examen3%20PSW/web/registrarProducto.jsp</file>
            <file>file:/C:/Users/abel1/Documents/CECyT-9/4IV8/PROGRAMACIÓN%20Y%20SERIVCIOS%20WEB/4IV8-Examen2-main/Examen3%20PSW%20(1)/Examen3%20PSW/web/error.jsp</file>
            <file>file:/C:/Users/abel1/Documents/CECyT-9/4IV8/PROGRAMACIÓN%20Y%20SERIVCIOS%20WEB/4IV8-Examen2-main/Examen3%20PSW%20(1)/Examen3%20PSW/src/java/Utils/Conexion.java</file>
            <file>file:/C:/Users/abel1/Documents/CECyT-9/4IV8/PROGRAMACIÓN%20Y%20SERIVCIOS%20WEB/4IV8-Examen2-main/Examen3%20PSW%20(1)/Examen3%20PSW/web/index2.jsp</file>
            <file>file:/C:/Users/abel1/Documents/CECyT-9/4IV8/PROGRAMACIÓN%20Y%20SERIVCIOS%20WEB/4IV8-Examen2-main/Examen3%20PSW%20(1)/Examen3%20PSW/web/login.jsp</file>
            <file>file:/C:/Users/abel1/Documents/CECyT-9/4IV8/PROGRAMACIÓN%20Y%20SERIVCIOS%20WEB/4IV8-Examen2-main/Examen3%20PSW%20(1)/Examen3%20PSW/web/subirImagen.jsp</file>
            <file>file:/C:/Users/abel1/Documents/CECyT-9/4IV8/PROGRAMACIÓN%20Y%20SERIVCIOS%20WEB/4IV8-Examen2-main/Examen3%20PSW%20(1)/Examen3%20PSW/web/index.jsp</file>
            <file>file:/C:/Users/abel1/Documents/CECyT-9/4IV8/PROGRAMACIÓN%20Y%20SERIVCIOS%20WEB/4IV8-Examen2-main/Examen3%20PSW%20(1)/Examen3%20PSW/web/registrarProducto2.jsp</file>
            <file>file:/C:/Users/abel1/Documents/CECyT-9/4IV8/PROGRAMACIÓN%20Y%20SERIVCIOS%20WEB/4IV8-Examen2-main/Examen3%20PSW%20(1)/Examen3%20PSW/web/CSS/Menu.css</file>
            <file>file:/C:/Users/abel1/Documents/CECyT-9/4IV8/PROGRAMACIÓN%20Y%20SERIVCIOS%20WEB/4IV8-Examen2-main/Examen3%20PSW%20(1)/Examen3%20PSW/web/CSS/Detalles.css</file>
            <file>file:/C:/Users/abel1/Documents/CECyT-9/4IV8/PROGRAMACIÓN%20Y%20SERIVCIOS%20WEB/4IV8-Examen2-main/Examen3%20PSW%20(1)/Examen3%20PSW/nbproject/build-impl.xml~</file>
            <file>file:/C:/Users/abel1/Documents/CECyT-9/4IV8/PROGRAMACIÓN%20Y%20SERIVCIOS%20WEB/4IV8-Examen2-main/Examen3%20PSW%20(1)/Examen3%20PSW/web/WEB-INF/web.xml</file>
            <file>file:/C:/Users/abel1/Documents/CECyT-9/4IV8/PROGRAMACIÓN%20Y%20SERIVCIOS%20WEB/4IV8-Examen2-main/Examen3%20PSW%20(1)/Examen3%20PSW/web/registrarVenta.jsp</file>
            <file>file:/C:/Users/abel1/Documents/CECyT-9/4IV8/PROGRAMACIÓN%20Y%20SERIVCIOS%20WEB/4IV8-Examen2-main/Examen3%20PSW%20(1)/Examen3%20PSW/web/img/Fotocoatl.PNG</file>
            <file>file:/C:/Users/abel1/Documents/CECyT-9/4IV8/PROGRAMACIÓN%20Y%20SERIVCIOS%20WEB/4IV8-Examen2-main/Examen3%20PSW%20(1)/Examen3%20PSW/web/actualizarProducto.jsp</file>
            <file>file:/C:/Users/abel1/Documents/CECyT-9/4IV8/PROGRAMACIÓN%20Y%20SERIVCIOS%20WEB/4IV8-Examen2-main/Examen3%20PSW%20(1)/Examen3%20PSW/web/administrador.jsp</file>
            <file>file:/C:/Users/abel1/Documents/CECyT-9/4IV8/PROGRAMACIÓN%20Y%20SERIVCIOS%20WEB/4IV8-Examen2-main/Examen3%20PSW%20(1)/Examen3%20PSW/web/img/dubi.png</file>
            <file>file:/C:/Users/abel1/Documents/CECyT-9/4IV8/PROGRAMACIÓN%20Y%20SERIVCIOS%20WEB/4IV8-Examen2-main/Examen3%20PSW%20(1)/Examen3%20PSW/web/CSS/Tablas.css</file>
            <file>file:/C:/Users/abel1/Documents/CECyT-9/4IV8/PROGRAMACIÓN%20Y%20SERIVCIOS%20WEB/4IV8-Examen2-main/Examen3%20PSW%20(1)/Examen3%20PSW/web/META-INF/context.xml</file>
            <file>file:/C:/Users/abel1/Documents/CECyT-9/4IV8/PROGRAMACIÓN%20Y%20SERIVCIOS%20WEB/4IV8-Examen2-main/Examen3%20PSW%20(1)/Examen3%20PSW/web/añadirCarrito.jsp</file>
            <file>file:/C:/Users/abel1/Documents/CECyT-9/4IV8/PROGRAMACIÓN%20Y%20SERIVCIOS%20WEB/4IV8-Examen2-main/Examen3%20PSW%20(1)/Examen3%20PSW/web/ValidarUser.jsp</file>
            <file>file:/C:/Users/abel1/Documents/CECyT-9/4IV8/PROGRAMACIÓN%20Y%20SERIVCIOS%20WEB/4IV8-Examen2-main/Examen3%20PSW%20(1)/Examen3%20PSW/web/registro.jsp</file>
            <file>file:/C:/Users/abel1/Documents/CECyT-9/4IV8/PROGRAMACIÓN%20Y%20SERIVCIOS%20WEB/4IV8-Examen2-main/Examen3%20PSW%20(1)/Examen3%20PSW/web/ConsultaUsuarios.jsp</file>
            <file>file:/C:/Users/abel1/Documents/CECyT-9/4IV8/PROGRAMACIÓN%20Y%20SERIVCIOS%20WEB/4IV8-Examen2-main/Examen3%20PSW%20(1)/Examen3%20PSW/web/mensaje.jsp</file>
        </group>
    </open-files>
</project-private>
