<?xml version="1.0" encoding="UTF-8"?>
<project-private xmlns="http://www.netbeans.org/ns/project-private/1">
    <editor-bookmarks xmlns="http://www.netbeans.org/ns/editor-bookmarks/2" lastBookmarkId="0"/>
    <open-files xmlns="http://www.netbeans.org/ns/projectui-open-files/2">
        <group>
            <file>file:/C:/Users/Rafael/Documents/Proyectos%20Java/POO-3iv8/Netbeans/Login/Examen3%20PSW/web/registrarProducto2.jsp</file>
            <file>file:/C:/Users/Rafael/Documents/Proyectos%20Java/POO-3iv8/Netbeans/Login/Examen3%20PSW/web/login.jsp</file>
            <file>file:/C:/Users/Rafael/Documents/Proyectos%20Java/POO-3iv8/Netbeans/Login/Examen3%20PSW/src/java/Modelo/ProductoDB.java</file>
            <file>file:/C:/Users/Rafael/Documents/Proyectos%20Java/POO-3iv8/Netbeans/Login/Examen3%20PSW/src/java/Modelo/Producto.java</file>
            <file>file:/C:/Users/Rafael/Documents/Proyectos%20Java/POO-3iv8/Netbeans/Login/Examen3%20PSW/src/java/Modelo/DetalleVenta.java</file>
            <file>file:/C:/Users/Rafael/Documents/Proyectos%20Java/POO-3iv8/Netbeans/Login/Examen3%20PSW/src/java/Controlador/ActualizarProducto.java</file>
            <file>file:/C:/Users/Rafael/Documents/Proyectos%20Java/POO-3iv8/Netbeans/Login/Examen3%20PSW/web/index.jsp</file>
            <file>file:/C:/Users/Rafael/Documents/Proyectos%20Java/POO-3iv8/Netbeans/Login/Examen3%20PSW/src/java/Modelo/AccionesUsuario.java</file>
            <file>file:/C:/Users/Rafael/Documents/Proyectos%20Java/POO-3iv8/Netbeans/Login/Examen3%20PSW/src/java/Utils/Conexion.java</file>
            <file>file:/C:/Users/Rafael/Documents/Proyectos%20Java/POO-3iv8/Netbeans/Login/Examen3%20PSW/src/java/Controlador/AgregarUsuario.java</file>
            <file>file:/C:/Users/Rafael/Documents/Proyectos%20Java/POO-3iv8/Netbeans/Login/Examen3%20PSW/web/registro.jsp</file>
            <file>file:/C:/Users/Rafael/Documents/Proyectos%20Java/POO-3iv8/Netbeans/Login/Examen3%20PSW/web/mensaje.jsp</file>
            <file>file:/C:/Users/Rafael/Documents/Proyectos%20Java/POO-3iv8/Netbeans/Login/Examen3%20PSW/src/java/Controlador/ServletLogueo.java</file>
            <file>file:/C:/Users/Rafael/Documents/Proyectos%20Java/POO-3iv8/Netbeans/Login/Examen3%20PSW/web/actualizarProducto.jsp</file>
            <file>file:/C:/Users/Rafael/Documents/Proyectos%20Java/POO-3iv8/Netbeans/Login/Examen3%20PSW/src/java/Modelo/DetalleVentaDB.java</file>
            <file>file:/C:/Users/Rafael/Documents/Proyectos%20Java/POO-3iv8/Netbeans/Login/Examen3%20PSW/src/java/Controlador/AgregarProducto.java</file>
            <file>file:/C:/Users/Rafael/Documents/Proyectos%20Java/POO-3iv8/Netbeans/Login/Examen3%20PSW/web/ValidarUser.jsp</file>
            <file>file:/C:/Users/Rafael/Documents/Proyectos%20Java/POO-3iv8/Netbeans/Login/Examen3%20PSW/web/registrarProducto.jsp</file>
            <file>file:/C:/Users/Rafael/Documents/Proyectos%20Java/POO-3iv8/Netbeans/Login/Examen3%20PSW/src/java/Controlador/ServletControlador.java</file>
            <file>file:/C:/Users/Rafael/Documents/Proyectos%20Java/POO-3iv8/Netbeans/Login/Examen3%20PSW/web/index2.jsp</file>
            <file>file:/C:/Users/Rafael/Documents/Proyectos%20Java/POO-3iv8/Netbeans/Login/Examen3%20PSW/web/administrador.jsp</file>
            <file>file:/C:/Users/Rafael/Documents/Proyectos%20Java/POO-3iv8/Netbeans/Login/Examen3%20PSW/web/registrarVenta.jsp</file>
            <file>file:/C:/Users/Rafael/Documents/Proyectos%20Java/POO-3iv8/Netbeans/Login/Examen3%20PSW/src/java/Modelo/Usuario.java</file>
            <file>file:/C:/Users/Rafael/Documents/Proyectos%20Java/POO-3iv8/Netbeans/Login/Examen3%20PSW/web/añadirCarrito.jsp</file>
            <file>file:/C:/Users/Rafael/Documents/Proyectos%20Java/POO-3iv8/Netbeans/Login/Examen3%20PSW/web/subirImagen.jsp</file>
        </group>
    </open-files>
</project-private>
